{
    "metrics": {
        "train_loss": 0.07751240300429608,
        "test_loss": 1.8305242169987073,
        "bleu": 17.2233,
        "gen_len": 9.4561,
        "current_epoch": 35
    },
    "best_performance": {
        "best_score": 17.2233,
        "best_epoch": 35
    }
}