{
    "metrics": {
        "train_loss": 0.002882701817547857,
        "test_loss": 0.47572464793920516,
        "bleu": 23.9345,
        "gen_len": 8.5137,
        "current_epoch": 772
    },
    "best_performance": {
        "best_score": 24.3038,
        "best_epoch": 623
    }
}